{"RMMN6QjYpveQhqH5SG2uhg==":"pexels-canva-studio-3153198-1280x853.jpg","HTQNyCHXRRg504t7LTLKdA==":"pexels-kindel-media-7688161-1272x954.jpg","J5aYNrKOnnLcqNDLsCiXwg==":"pexels-julia-larson-6456137-1280x1919.jpg","0RbKVL5zD5n4m9k9lMjt5A==":"image-96x26.png","hlbMYgOjQ5auytrD/t0AqA==":"laje-%20treli%C3%A7ada-com-%20tijolo-%20cer%C3%A2mico-515x559.png","+oVudvYC5gvYhDoV/2Z10g==":"laje-painel-maci%C3%A7o-aliviado-515x559.png","GWso3DoduoTwY43+nYwMNQ==":"laje-protendida-com-isopor-515x559.png","j4JaF0VIx/J6QYJ4kXDDyg==":"laje-treli%C3%A7ada-com-isopor-eps-515x559.png","eNcRSh+I+kGLPuRZxeuJRw==":"features9.jpg","XFI3Ye4bSCcSIHAqEeABIg==":"images-225x225.png","ktE+E1ku33cTD8hVHa1wUg==":"images%20(1)-225x225.png","J8rFOHQyJr9z7ZUZuTfV4Q==":"picwish%20(1)-96x96.png","uRflSXzoruB3xFVK+xTANQ==":"picwish%20(1)-102x102.png","mvqH9C+6k6ZBC2JjsFxGlw==":"background2.jpg","7qXEIWi6ZHMkxUn4DAY/pg==":"court.jpg","vbVX9yJ0jvay+uMqYqWZfw==":"mbr-1920x1311.jpg","cnVJhGPnkuC9bma9oLiCpw==":"group%203294-463x502.png","Wt7Tg0GS3qZa/3zsVhSIDA==":"mbr-1920x1080.jpg","sT6/0gJgl8cX0LNeChn3DA==":"fundo%201-1920x1080.jpg","SMcQNsV/hpJO3Da1IqIrtw==":"fundo%201-1920x1080.jpeg","SpfK8qgVFIrdwbk+PBODpw==":"fundo%201-1920x1080.jpeg","5tPfVNYJ1o/wCGMAx6Xm9Q==":"fundo%201-1920x1080.jpeg","MpUrGvh+3rLrDlwoupsSXQ==":"fundo%201-1920x1080.jpeg","2y7xbPEhS58Fay8Fnctjfg==":"fundo%201-1920x1080.jpeg","L+3Kjbz3vNGwwpatDI4uUA==":"fundo%201-1920x1080.jpeg","mGwHE08e2XErygSh1bmD8A==":"fundo%201-1920x1080.jpeg","52ttUMyuJ/HL1hJt9B8Mtg==":"fundo%201-1920x1080.jpeg","ZIqK0UhCoqEddjq/6w8OMg==":"fundo%201-1920x1080.jpeg","Wo3xQAmJ9ofl4D+5q5M6xQ==":"fundo%201-1920x1080.jpeg","T8ZpwVGlSrj1T+m3LNFA3g==":"fundo%202-1920x1080.jpeg","ogDPiBIWU3LktVlskAa1nA==":"fundo%202-1920x1080.jpeg","tTsUms/X/iP0tKgNqK7Z7A==":"background4.jpg","Lp5AFUMaHNIbHYkZ57/Ksg==":"fundo%201.0-1920x1080.jpeg","tgM+tx47pny2sBQy8GJe9w==":"fundo%201.0-1920x1080.jpeg","jTKx5j1X2j/+E96rFKFcnQ==":"fundo%201.0-1920x1080.jpeg","06cjfxE8hsbDA2bYLHGdjQ==":"group%203245-1441x228.png","5ggCbDX4fQsNOtjsqAWQsg==":"group%203245-1441x228.png","z+iiYieF4y5sDn/v72I7tA==":"group%203245-1441x228.png","5eKs4sPlTDkMlo/EeQl9jw==":"group%203245-1441x228.png","0sxj0K6KS20GylrwMQ3ETQ==":"group%203245-1441x228.png","q19ExAQaGFojJ2CW2SKFaA==":"methues%20coelho-409x458.png","j2suDK1W9VU0zTJAf59ApQ==":"image%20396-99x99.png","zEpTb6aGC56rMrITUzhoQg==":"image%20383-99x99.png","D4oQ6eHEWAToDbgNVvNLdA==":"image%20397-99x99.png","mKs1lblP8v1zC+npljAETw==":"image%20392-99x99.png","7ZNbcaZHoA351zMsoqooXg==":"background1.jpg","pagSDzQ28VOmU4DbTgRaBQ==":"fundo%203-1920x604.jpg","+1ALIEmMxMrBpcgQDjYJKw==":"engenheiro-projeto-laje%20(1)-752x575.png","594PqY87brEiyVsx6gh7Xw==":"fundo%201.0-1920x1080.jpeg","ieVeyPar43SDwyLfQKZcxQ==":"laje%20pr%C3%89%20moldada%20treli%C3%87ada%20com%20isopor-400x200.png","/rzTozRNZYe+l3a8W6SqXg==":"laje%20protendida%20com%20cer%C3%A2mica%20%20tijolo-400x200.png","USXiseeKo1VzRWEh0aOlDA==":"fundo%201.0-1920x1080.jpeg","/PHFsMfTJXOYaf24/99VmQ==":"fundo%201.0-1920x1080.jpeg","W+/kzI+ko2baDi5BkLrUZw==":"fundo%201.0-1920x1080.jpeg","0iHJWyty9dndUWqTHwNLOw==":"fundo%201.0-1920x1080.jpeg","WHUgBbhUlAfTKnwXi1skGA==":"fundo%201.0-1920x1080.jpeg","9SlE+m211e/Gp0l9ao+ksg==":"fundo%201.0-1920x1080.jpg","yLkTQa4WD2tjGQI5M+Fy4w==":"fundo%201.0-1920x1080.jpeg","eM45hlUgXZQkNvxV8VhSOw==":"onda-1920x1080.jpeg","KWulPcaMsmI3Ztm9olRJYw==":"group%201386-414x512.png","B1rx5LcOhNp3YsPn0FNZEQ==":"projeto%20estrutural-523x707.png","4rHbBe4oeQMKE0mDSN4txw==":"art-anotao-de-responsabilidade-tcnica-do-engenheiro-1-929x636.png","Ti7TvJSZJ8RHOmdZUX/ijQ==":"projeto-de-montagem-da-laje-premoldada-929x636.png","6cfTvV5aUoglGWhaO9GZwA==":"garantia-da-laje-pr%C3%A9%20moldada-929x636.png","F8B7VFRsujQoCcrZYXBW4A==":"contato-600x800.png","Vd/JLUhEs1SYe7BrhuN+tA==":"images-1-128x128.png","YU+gdcEADftZYUDdG5TTsQ==":"group%203574-274x274.png","1Ma2VPTuBPWR5EfS0DDMuQ==":"group%203571-274x274.png","4NKNIDf784hsAwhcS6PRcg==":"group%203573-274x273.png","5d96ej3r6OJ64spm1Rv26A==":"group%203572-274x273.png","w+XGVFspqufkftZjTq5GhA==":"group%203624-592x568.png","AWSBatG/3JH4/q9Y7SiuMA==":"logo2-white.png","NrMnNsqNNrSxgvlM86vMqw==":"face9.jpg","XaFMtmdXLWldJwpr7gAdYg==":"backgraund__trend.jpg","3wTABnDb5tJbi2mV1hpDsA==":"frame%20334-270x271.png","Mi7fF11782fGDusZ/F+kRQ==":"group%203630-271x271.png","QTo9is2KecNOZ324xFB2fQ==":"frame%20333-270x271.png","vVk+2bFQTP8zEe2AtvwkUg==":"group%203631-270x271.png","Egx2TcbzpTJ7WduW052vHw==":"background2.jpg","V1t+pNXhT1YGl47dmOBt7Q==":"background1-2.jpg","ERz6fsciM3kzLwf+PwYeog==":"group%203635-276x275.png","LuveNJa03DYteToIEFT8WQ==":"group%203634-275x275.png","iMRlFSX/D4KBhRsjvEn2SA==":"group%203633-275x275.png","E1FSsu5yuD4dY4AvEl+eZg==":"laje-protendida-tijolo-ceramica-1096x1077.png","G1x2/BpIki8I0HKDoM+pRg==":"laje-protendida-isopor-1328x1305.png","BJcxGLlFuf6pIP1w6l9B/Q==":"laje%20-%20painel%20-%20treli%C3%A7ado%20-%20maci%C3%A7o-1096x1077.png","ZjWWD1195Tyf0fRwdlnFUQ==":"laje-treli%C3%A7ada-tijolo-ceramica-1096x1077.png","Tnk6TwLhVbyAQJtYJ4ZTNA==":"laje%20-%20treli%C3%A7ada%20-isopor-1096x1077.png","7JwLF8+6djsugeu/xntNSA==":"group%203638-275x275.png","UQMxXFSWBOzEOoLwht8IEA==":"laje-painel-treli%C3%A7ado-aliviado-1328x1305.png","B7vWTXfXpECrtICLPrDgwg==":"painel-macio-1-400x200.jpg","aVRxZVaOFA2c78wT0iBPhw==":"laje%20protendida%20com%20isopor-400x200.png","yxC867Q2xyaUyfP+5//qoA==":"laje%20treli%C3%87ada%20com%20lajota%20cer%C3%82mica-400x200.png","C5OF1MM0Kxcr5/FTjvoyPw==":"painel%20trelicado%20-%20copia-400x200.jpg","IsvSgjidAfigKoc0HOOJGQ==":"engenheiro-iglume-laje-premoldada-863x1265.png","3s2xcwU9UvQhvNjrMtJb2Q==":"tecnico-iglume-laje-pre%20fabricada-1272x868.png","b1rD/riNYiGQqNYHN+cHRw==":"group%203072-266x154.png","eDdBoQbcTK33h3p+qZfLiA==":"onda-1-1920x1080.jpeg","6DsecOPXg/Wwwyburd5JgQ==":"logo-iglume-lajes-pr%C3%A9-fabricadas-347x96.png","prapXBGeM8a2CE+H7eO61Q==":"logo-iglume-laje-premoldada-266x154.png","nJ1fdvRLzCfM4ftWDlY6fA==":"pessoa-segurando-interroga%C3%A7%C3%A3o-duvidas-465x512.png","W8B2B1/naPBh4ThmkBosQg==":"construtor-segurando-saco-dinheiro-592x568.png","Wxy2U6RKc7ECxeKbvfjVSg==":"laje-protendida-montada-para-concretagem-271x271.png","8waeo/D8YraLKFe9Hch9wA==":"laje-protendidas-isopor-sem-escoras-271x271.png","d4LMTI5U62z5Xarwlj71zA==":"laje-protendida-apoiada-271x271.png","BvC/Xqv6Yv4QWQDX3B7b7w==":"corte-isopor-laje-treli%C3%A7ada--270x270.png","nPFPlIsVX4yx3zel0CEeGg==":"laje-treli%C3%A7ada-montada-para-concretagem-276x275.png","SR6tuHdVX2e02BbFeJrSGA==":"laje-treli%C3%A7ada-tijolo-ceramica-escorada-275x275.png","KaMTvaNiZD1jLungN0evkw==":"eletroduto-laje-treli%C3%A7ada-tijolo-ceramica-275x275.png","n75ZzpS4lirdw8euNIC/rA==":"tijolo-de-laje-treli%C3%A7ada-comum-275x275.png","qcTDy2e25RwoTDVZNWT4qQ==":"laje-treli%C3%A7ada-montada-274x274.png","jR7hsG4tYbUxwgqlewFaGg==":"escoramento-lajes-treli%C3%A7ada-isopor-274x274.png","wAEZ1EyE4gbEhwK4t5qJrA==":"eletrodutos-laje-treli%C3%A7ada-isopor-274x273.png","SmqZJyIGqTwKVWOOWJAPOQ==":"corte-isopor-eps-manual-274x273.png","x8Vxlp5g59sNv1X8iGzZLA==":"laje-painel-treli%C3%A7ado-montada-270x271.png","Uz08JkQuvVRutOHhYdVE8Q==":"laje-painel-maci%C3%A7a-a%C3%A7o%20distribui%C3%A7%C3%A3o-270x271.png","EFQtajfvcCYKi88poAceMw==":"laje-painel-maci%C3%A7o-preparada-270x271.png","VY+lPVdOUehKKeCA1q9RkQ==":"eletroduto-laje-protendida-tijolo-ceramico-583x583.png","oTwNG2MTKVkS4KT6rjpWDw==":"tijolo-laje-protendida-unidade-583x583.png","rItmP5KYLnTeGOQbzlKxtw==":"laje-protendida-parte-de-baixo-583x583.png","qggAPYj624u7pCaPxgBNqQ==":"laje-protendida-tijolo-ceramico-montada-583x584.png","LXLD6UTUWCqbbLzQAKb6Wg==":"laje-painel-aliviado-para-concregem-583x585.png","FrPlbMuWeeziikINHLemuA==":"montagen-laje-painel-aliviado-583x585.png","RsxDpXUeUNnGbIUPd2SfRA==":"laje-painel-aliviado-parte-de-baixo-583x585.png","z5DxOOmzR4w2MaWcp3gzFw==":"v%C3%A3o-laje-painel-aliviado-parte-de-baixo-583x582.png"}